district,message,timestamp
Sydney CBD,Trains are delayed again ğŸ˜¡,2025-08-30 08:15
Chatswood,So happy with the new bike lanes,2025-08-30 09:45
Newtown,Rent is impossible here ğŸ˜¤,2025-08-30 10:20
Parramatta,The smog is really bad today ğŸ¤¢,2025-08-30 11:00
Bondi,Garbage bins have not been collected for 3 days,2025-08-30 11:30
Sydney CBD,Street lights are broken and it feels unsafe at night ğŸ’¡,2025-08-30 12:10
Chatswood,Too many stray dogs around the park,2025-08-30 12:40
Parramatta,Hospitals are overcrowded and waiting times are endless ğŸ¥,2025-08-30 13:00
Newtown,Bus schedules are completely unreliable ğŸ˜¡,2025-08-30 13:30
